
{
    "Header": {
      "WolvenKitVersion": "8.14.1-nightly.2024-07-21",
      "WKitJsonVersion": "0.0.8",
      "GameVersion": 2000,
      "ExportedDateTime": "2023-10-16T08:30:59.0747987Z",
      "DataType": "CR2W"
    },
    "Data": {
      "Version": 195,
      "BuildVersion": 0,
      "RootChunk": {
        "$type": "CHairProfile",
        "cookingPlatform": "PLATFORM_PC",
        "gradientEntriesID": [
        ],
        "gradientEntriesRootToTip": [
        ],
        "sampleCount": 127
      },
      "EmbeddedFiles": []
    }

  }