{
  "Header": {
    "WolvenKitVersion": "8.17.2-nightly.2025-11-25",
    "WKitJsonVersion": "0.0.9",
    "GameVersion": 2310,
    "ExportedDateTime": "2025-11-25T15:35:53.1775966Z",
    "DataType": "CR2W",
    "ArchiveFileName": "F:\\dev0\\prjk\\Wolvenkit Projects\\Hitogashima\\source\\archive\\empty.streamingsector"
  },
  "Data": {
    "Version": 195,
    "BuildVersion": 0,
    "RootChunk": {
      "$type": "worldStreamingSector",
      "category": "Exterior",
      "cookingPlatform": "PLATFORM_PC",
      "externInplaceResource": {
        "DepotPath": {
          "$type": "ResourcePath",
          "$storage": "uint64",
          "$value": "0"
        },
        "Flags": "Soft"
      },
      "level": 0,
      "localInplaceResource": [],
      "nodeData": {
        "Flags": 0,
        "Type": "WolvenKit.RED4.Archive.Buffer.worldNodeDataBuffer, WolvenKit.RED4, Version=8.17.2.0, Culture=neutral, PublicKeyToken=null",
        "Data": [
        ]
      },
      "nodeRefs": [],
      "nodes": [],
      "persistentNodeIndex": 0,
      "persistentNodes": null,
      "variantIndices": [0],
      "variantNodes": [],
      "version": 62
    },
    "EmbeddedFiles": []
  }
}