{
  "Header": {
    "WolvenKitVersion": "8.14.1-nightly.2024-07-21",
    "WKitJsonVersion": "0.0.8",
    "GameVersion": 2000,
    "ExportedDateTime": "2023-10-16T08:30:59.0747987Z",
    "DataType": "CR2W",
    "ArchiveFileName": "\\materials\\metal_base_template.mi"
  },
  "Data": {
    "Version": 195,
    "BuildVersion": 0,
    "RootChunk": {
      "$type": "CMaterialInstance",
      "audioTag": {
        "$type": "CName",
        "$storage": "string",
        "$value": "None"
      },
      "baseMaterial": {
        "DepotPath": {
          "$type": "ResourcePath",
          "$storage": "string",
          "$value": "engine\\materials\\metal_base.remt"
        },
        "Flags": "Default"
      },
      "cookingPlatform": "PLATFORM_PC",
      "enableMask": 1,
      "metadata": null,
      "resourceVersion": 4,
      "values": [
        {
          "$type": "rRef:ITexture",
          "BaseColor": {
            "DepotPath": {
              "$type": "ResourcePath",
              "$storage": "string",
              "$value": "basecolor.xbm"
            },
            "Flags": "Default"
          }
        },
        {
          "$type": "Vector4",
          "BaseColorScale": {
            "$type": "Vector4",
            "W": 1,
            "X": 1,
            "Y": 1,
            "Z": 1
          }
        },
        {
          "$type": "rRef:ITexture",
          "Metalness": {
            "DepotPath": {
              "$type": "ResourcePath",
              "$storage": "string",
              "$value": "metallic.xbm"
            },
            "Flags": "Default"
          }
        },
        {
          "$type": "Float",
          "MetalnessBias": 1
        },
        {
          "$type": "Float",
          "MetalnessScale": 1
        },
        {
          "$type": "rRef:ITexture",
          "Roughness": {
            "DepotPath": {
              "$type": "ResourcePath",
              "$storage": "string",
              "$value": "roughness.xbm"
            },
            "Flags": "Default"
          }
        },
        {
          "$type": "Float",
          "RoughnessScale": 1
        },
        {
          "$type": "Float",
          "RoughnessBias": 0
        },
        {
          "$type": "rRef:ITexture",
          "Normal": {
            "DepotPath": {
              "$type": "ResourcePath",
              "$storage": "string",
              "$value": "normal.xbm"
            },
            "Flags": "Default"
          }
        },
        {
          "$type": "rRef:ITexture",
          "Emissive": {
            "DepotPath": {
              "$type": "ResourcePath",
              "$storage": "string",
              "$value": "emissive.xbm"
            },
            "Flags": "Default"
          }
        },
        {
          "$type": "Float",
          "EmissiveEV": 3.951205
        },
        {
          "$type": "Color",
          "EmissiveColor": {
            "$type": "Color",
            "Alpha": 255,
            "Blue": 212,
            "Green": 183,
            "Red": 79
          }
        }
      ]
    },
    "EmbeddedFiles": []
  }
}